read_KB,read_MB,read_1_GB,read_10_GB,read_100_GB,read_1_TB,read_10_TB_or_more
read_0000,read_0001,read_0010,read_0011,read_0100,read_0101,read_0110,read_0111,read_1000,read_1001,read_1010,read_1011,read_1100,read_1101,read_1110,read_1111

read_KB,read_MB,read_1_GB,read_10_GB,read_100_GB,read_1_TB,read_10_TB_or_more
read_1000,read_1001,read_1111,read_periodic

write_KB,write_MB,write_1_GB,write_10_GB,write_100_GB,write_1_TB,write_10_TB_or_more
write_0000,write_0001,write_0010,write_0011,write_0100,write_0101,write_0110,write_0111,write_1000,write_1001,write_1011,write_1100,write_1101,write_1110,write_1111

write_KB,write_MB,write_1_GB,write_10_GB,write_100_GB,write_1_TB,write_10_TB_or_more
write_1000,write_0001,write_1001,write_1111,write_periodic,temp_3600s_boiling

read_aperiodic,read_periodic,write_aperiodic,write_periodic
metadata_high_spike,metadata_multiple_spikes,metadata_insignificant_load

temp_3600s_frozen,temp_3600s_cold,temp_3600s_warm,temp_3600s_hot,temp_3600s_boiling
metadata_high_spike,metadata_multiple_spikes,metadata_insignificant_load

write_KB,write_MB,write_1_GB,write_10_GB,write_100_GB,write_1_TB,write_10_TB_or_more
metadata_high_spike,metadata_multiple_spikes,metadata_insignificant_load

read_KB,read_MB,read_1_GB,read_10_GB,read_100_GB,read_1_TB,read_10_TB_or_more
read_duration_less_1m,read_duration_1m_to_5m,read_duration_5m_to_30m,read_duration_30m_to_1h,read_duration_1h_or_more

write_KB,write_MB,write_1_GB,write_10_GB,write_100_GB,write_1_TB,write_10_TB_or_more
write_duration_less_1m,write_duration_1m_to_5m,write_duration_5m_to_30m,write_duration_30m_to_1h,write_duration_1h_or_more
